t,page,phase
0,2,locality
1,3,locality
2,4,locality
3,2,locality
4,4,locality
5,4,locality
6,4,locality
7,4,locality
8,4,locality
9,3,locality
10,3,locality
11,0,locality
12,0,locality
13,3,locality
14,0,locality
15,0,locality
16,0,locality
17,0,locality
18,0,locality
19,0,locality
20,1,locality
21,1,locality
22,2,locality
23,3,locality
24,0,locality
25,2,locality
26,1,locality
27,2,locality
28,1,locality
29,2,locality
30,3,locality
31,2,locality
32,2,locality
33,2,locality
34,2,locality
35,2,locality
36,2,locality
37,2,locality
38,2,locality
39,2,locality
40,2,locality
41,1,locality
42,2,locality
43,8,locality
44,2,locality
45,2,locality
46,1,locality
47,2,locality
48,3,locality
49,4,locality
50,5,locality
51,4,locality
52,4,locality
53,4,locality
54,2,locality
55,3,locality
56,4,locality
57,2,locality
58,4,locality
59,3,locality
60,4,locality
61,5,locality
62,4,locality
63,4,locality
64,1,locality
65,2,locality
66,3,locality
67,2,locality
68,2,locality
69,2,locality
70,3,locality
71,9,locality
72,0,locality
73,0,locality
74,2,locality
75,4,locality
76,2,locality
77,1,locality
78,2,locality
79,3,locality
80,2,locality
81,3,locality
82,4,locality
83,4,locality
84,7,locality
85,4,locality
86,4,locality
87,4,locality
88,4,locality
89,4,locality
90,4,locality
91,0,locality
92,2,locality
93,2,locality
94,7,locality
95,0,locality
96,4,locality
97,0,locality
98,4,locality
99,3,locality
100,4,locality
101,5,locality
102,5,locality
103,5,locality
104,4,locality
105,3,locality
106,3,locality
107,3,locality
108,3,locality
109,3,locality
110,8,locality
111,3,locality
112,9,locality
113,8,locality
114,0,locality
115,3,locality
116,4,locality
117,5,locality
118,4,locality
119,4,locality
120,4,locality
121,2,locality
122,4,locality
123,4,locality
124,2,locality
125,3,locality
126,4,locality
127,5,locality
128,0,locality
129,1,locality
130,2,locality
131,4,locality
132,2,locality
133,3,locality
134,4,locality
135,4,locality
136,4,locality
137,4,locality
138,5,locality
139,5,locality
140,1,locality
141,2,locality
142,3,locality
143,3,locality
144,1,locality
145,2,locality
146,3,locality
147,1,locality
148,4,locality
149,1,locality
150,2,locality
151,3,locality
152,2,locality
153,2,locality
154,2,locality
155,2,locality
156,3,locality
157,4,locality
158,5,locality
159,3,locality
160,4,locality
161,9,locality
162,9,locality
163,1,locality
164,1,locality
165,2,locality
166,3,locality
167,8,locality
168,3,locality
169,3,locality
170,9,locality
171,3,locality
172,3,locality
173,9,locality
174,3,locality
175,2,locality
176,4,locality
177,0,locality
178,0,locality
179,0,locality
180,0,locality
181,3,locality
182,0,locality
183,0,locality
184,0,locality
185,9,locality
186,5,locality
187,9,locality
188,0,locality
189,5,locality
190,3,locality
191,5,locality
192,5,locality
193,2,locality
194,5,locality
195,5,locality
196,5,locality
197,6,locality
198,2,locality
199,5,locality
200,5,locality
201,2,locality
202,2,locality
203,2,locality
204,9,locality
205,2,locality
206,9,locality
207,0,locality
208,9,locality
209,1,locality
210,1,locality
211,0,locality
212,1,locality
213,4,locality
214,3,locality
215,4,locality
216,0,locality
217,0,locality
218,1,locality
219,2,locality
220,1,locality
221,2,locality
222,5,locality
223,5,locality
224,5,locality
225,5,locality
226,5,locality
227,5,locality
228,2,locality
229,3,locality
230,4,locality
231,7,locality
232,3,locality
233,3,locality
234,3,locality
235,4,locality
236,3,locality
237,4,locality
238,0,locality
239,3,locality
240,4,locality
241,2,locality
242,0,locality
243,2,locality
244,2,locality
245,0,locality
246,2,locality
247,0,locality
248,4,locality
249,0,locality
250,0,locality
251,4,locality
252,4,locality
253,0,locality
254,3,locality
255,3,locality
256,0,locality
257,3,locality
258,3,locality
259,5,locality
260,3,locality
261,5,locality
262,5,locality
263,5,locality
264,5,locality
265,5,locality
266,2,locality
267,5,locality
268,1,locality
269,2,locality
270,3,locality
271,2,locality
272,3,locality
273,4,locality
274,5,locality
275,4,locality
276,5,locality
277,4,locality
278,1,locality
279,4,locality
280,4,locality
281,4,locality
282,4,locality
283,4,locality
284,1,locality
285,4,locality
286,3,locality
287,4,locality
288,4,locality
289,4,locality
290,3,locality
291,4,locality
292,5,locality
293,2,locality
294,9,locality
295,9,locality
296,9,locality
297,9,locality
298,3,locality
299,9,locality
300,7,locality
301,3,locality
302,7,locality
303,3,locality
304,4,locality
305,5,locality
306,9,locality
307,4,locality
308,4,locality
309,9,locality
310,3,locality
311,4,locality
312,5,locality
313,1,locality
314,2,locality
315,5,locality
316,1,locality
317,5,locality
318,1,locality
319,1,locality
320,1,locality
321,2,locality
322,0,locality
323,1,locality
324,2,locality
325,1,locality
326,1,locality
327,3,locality
328,4,locality
329,5,locality
330,3,locality
331,5,locality
332,0,locality
333,1,locality
334,2,locality
335,1,locality
336,4,locality
337,2,locality
338,1,locality
339,4,locality
340,2,locality
341,1,locality
342,4,locality
343,2,locality
344,1,locality
345,1,locality
346,2,locality
347,2,locality
348,1,locality
349,0,locality
350,1,locality
351,0,locality
352,4,locality
353,4,locality
354,2,locality
355,2,locality
356,4,locality
357,4,locality
358,4,locality
359,4,locality
360,6,locality
361,0,locality
362,0,locality
363,1,locality
364,2,locality
365,4,locality
366,2,locality
367,4,locality
368,1,locality
369,4,locality
370,1,locality
371,1,locality
372,4,locality
373,1,locality
374,4,locality
375,1,locality
376,1,locality
377,9,locality
378,9,locality
379,9,locality
380,8,locality
381,9,locality
382,9,locality
383,0,locality
384,1,locality
385,2,locality
386,0,locality
387,4,locality
388,0,locality
389,0,locality
390,8,locality
391,8,locality
392,8,locality
393,0,locality
394,8,locality
395,8,locality
396,8,locality
397,3,locality
398,3,locality
399,3,locality
400,4,shift
401,5,shift
402,6,shift
403,6,shift
404,6,shift
405,6,shift
406,6,shift
407,7,shift
408,4,shift
409,5,shift
410,5,shift
411,5,shift
412,5,shift
413,9,shift
414,6,shift
415,3,shift
416,4,shift
417,0,shift
418,0,shift
419,5,shift
420,5,shift
421,5,shift
422,5,shift
423,9,shift
424,2,shift
425,2,shift
426,2,shift
427,9,shift
428,0,shift
429,4,shift
430,7,shift
431,7,shift
432,7,shift
433,7,shift
434,7,shift
435,5,shift
436,2,shift
437,2,shift
438,9,shift
439,0,shift
440,5,shift
441,7,shift
442,8,shift
443,8,shift
444,8,shift
445,1,shift
446,8,shift
447,3,shift
448,4,shift
449,4,shift
450,4,shift
451,4,shift
452,4,shift
453,7,shift
454,7,shift
455,1,shift
456,6,shift
457,3,shift
458,8,shift
459,3,shift
460,3,shift
461,8,shift
462,6,shift
463,4,shift
464,4,shift
465,4,shift
466,8,shift
467,8,shift
468,8,shift
469,8,shift
470,2,shift
471,8,shift
472,1,shift
473,4,shift
474,4,shift
475,0,shift
476,9,shift
477,3,shift
478,8,shift
479,8,shift
480,8,shift
481,8,shift
482,5,shift
483,5,shift
484,4,shift
485,4,shift
486,4,shift
487,0,shift
488,9,shift
489,4,shift
490,7,shift
491,8,shift
492,8,shift
493,7,shift
494,0,shift
495,1,shift
496,3,shift
497,4,shift
498,1,shift
499,1,shift
500,0,shift
501,0,shift
502,0,shift
503,0,shift
504,5,shift
505,9,shift
506,1,shift
507,2,shift
508,3,shift
509,2,shift
510,9,shift
511,9,shift
512,8,shift
513,5,shift
514,9,shift
515,0,shift
516,5,shift
517,5,shift
518,8,shift
519,7,shift
520,7,shift
521,7,shift
522,4,shift
523,5,shift
524,4,shift
525,4,shift
526,6,shift
527,7,shift
528,5,shift
529,8,shift
530,8,shift
531,8,shift
532,6,shift
533,9,shift
534,5,shift
535,3,shift
536,0,shift
537,7,shift
538,7,shift
539,5,shift
540,1,shift
541,5,shift
542,7,shift
543,9,shift
544,9,shift
545,3,shift
546,1,shift
547,0,shift
548,6,shift
549,0,shift
550,3,shift
551,9,shift
552,5,shift
553,6,shift
554,3,shift
555,9,shift
556,2,shift
557,2,shift
558,6,shift
559,8,shift
560,1,shift
561,1,shift
562,1,shift
563,5,shift
564,6,shift
565,7,shift
566,0,shift
567,1,shift
568,9,shift
569,9,shift
570,9,shift
571,5,shift
572,2,shift
573,2,shift
574,8,shift
575,8,shift
576,8,shift
577,8,shift
578,7,shift
579,9,shift
580,7,shift
581,0,shift
582,2,shift
583,4,shift
584,6,shift
585,3,shift
586,9,shift
587,1,shift
588,0,shift
589,8,shift
590,0,shift
591,5,shift
592,3,shift
593,3,shift
594,3,shift
595,3,shift
596,3,shift
597,2,shift
598,2,shift
599,1,shift
600,8,shift
601,1,shift
602,1,shift
603,8,shift
604,1,shift
605,7,shift
606,7,shift
607,7,shift
608,4,shift
609,4,shift
610,5,shift
611,0,shift
612,7,shift
613,7,shift
614,3,shift
615,3,shift
616,3,shift
617,5,shift
618,5,shift
619,8,shift
620,9,shift
621,5,shift
622,0,shift
623,9,shift
624,6,shift
625,4,shift
626,6,shift
627,6,shift
628,6,shift
629,5,shift
630,5,shift
631,7,shift
632,2,shift
633,3,shift
634,3,shift
635,1,shift
636,7,shift
637,6,shift
638,3,shift
639,7,shift
640,3,shift
641,3,shift
642,3,shift
643,3,shift
644,7,shift
645,6,shift
646,6,shift
647,6,shift
648,0,shift
649,7,shift
650,1,shift
651,1,shift
652,8,shift
653,6,shift
654,4,shift
655,2,shift
656,2,shift
657,2,shift
658,3,shift
659,1,shift
660,0,shift
661,2,shift
662,3,shift
663,0,shift
664,1,shift
665,6,shift
666,1,shift
667,1,shift
668,3,shift
669,9,shift
670,0,shift
671,0,shift
672,7,shift
673,9,shift
674,4,shift
675,5,shift
676,5,shift
677,5,shift
678,4,shift
679,5,shift
680,5,shift
681,2,shift
682,5,shift
683,7,shift
684,7,shift
685,0,shift
686,2,shift
687,4,shift
688,7,shift
689,0,shift
690,3,shift
691,7,shift
692,0,shift
693,8,shift
694,5,shift
695,0,shift
696,7,shift
697,8,shift
698,8,shift
699,0,shift
700,6,shift
701,0,shift
702,0,shift
703,0,shift
704,2,shift
705,1,shift
706,7,shift
707,7,shift
708,4,shift
709,4,shift
710,4,shift
711,5,shift
712,0,shift
713,2,shift
714,3,shift
715,1,shift
716,1,shift
717,8,shift
718,4,shift
719,3,shift
720,4,shift
721,4,shift
722,8,shift
723,1,shift
724,1,shift
725,2,shift
726,9,shift
727,9,shift
728,5,shift
729,5,shift
730,9,shift
731,2,shift
732,2,shift
733,0,shift
734,0,shift
735,0,shift
736,6,shift
737,9,shift
738,7,shift
739,7,shift
740,7,shift
741,0,shift
742,7,shift
743,0,shift
744,1,shift
745,8,shift
746,0,shift
747,3,shift
748,3,shift
749,3,shift
750,1,shift
751,8,shift
752,2,shift
753,8,shift
754,8,shift
755,8,shift
756,6,shift
757,1,shift
758,6,shift
759,6,shift
760,1,shift
761,2,shift
762,4,shift
763,4,shift
764,1,shift
765,1,shift
766,1,shift
767,7,shift
768,9,shift
769,1,shift
770,7,shift
771,7,shift
772,3,shift
773,3,shift
774,0,shift
775,0,shift
776,9,shift
777,3,shift
778,7,shift
779,2,shift
780,9,shift
781,9,shift
782,1,shift
783,2,shift
784,2,shift
785,8,shift
786,2,shift
787,2,shift
788,2,shift
789,0,shift
790,0,shift
791,0,shift
792,9,shift
793,7,shift
794,7,shift
795,9,shift
796,1,shift
797,1,shift
798,1,shift
799,2,shift
