t,FIFO,LRU,Optimal,Learned,Hybrid
0,0.0000,0.0000,0.0000,0.0000,0.0000
1,0.0000,0.0000,0.0000,0.0000,0.0000
2,0.0000,0.0000,0.0000,0.0000,0.0000
3,0.2500,0.2500,0.2500,0.2500,0.2500
4,0.4000,0.4000,0.4000,0.4000,0.4000
5,0.5000,0.5000,0.5000,0.5000,0.5000
6,0.5714,0.5714,0.5714,0.5714,0.5714
7,0.6250,0.6250,0.6250,0.6250,0.6250
8,0.6667,0.6667,0.6667,0.6667,0.6667
9,0.7000,0.7000,0.7000,0.7000,0.7000
10,0.7273,0.7273,0.7273,0.7273,0.7273
11,0.6667,0.6667,0.6667,0.6667,0.6667
12,0.6923,0.6923,0.6923,0.6923,0.6923
13,0.7143,0.7143,0.7143,0.7143,0.7143
14,0.7333,0.7333,0.7333,0.7333,0.7333
15,0.7500,0.7500,0.7500,0.7500,0.7500
16,0.7647,0.7647,0.7647,0.7647,0.7647
17,0.7778,0.7778,0.7778,0.7778,0.7778
18,0.7895,0.7895,0.7895,0.7895,0.7895
19,0.8000,0.8000,0.8000,0.8000,0.8000
20,0.7619,0.7619,0.7619,0.7619,0.7619
21,0.7727,0.7727,0.7727,0.7727,0.7727
22,0.7391,0.7391,0.7826,0.7826,0.7826
23,0.7083,0.7500,0.7917,0.7917,0.7917
24,0.7200,0.7600,0.8000,0.7600,0.7600
25,0.7308,0.7692,0.8077,0.7692,0.7692
26,0.7407,0.7778,0.8148,0.7407,0.7407
27,0.7500,0.7857,0.8214,0.7500,0.7500
28,0.7586,0.7931,0.8276,0.7586,0.7586
29,0.7667,0.8000,0.8333,0.7667,0.7667
30,0.7742,0.8065,0.8387,0.7742,0.7742
31,0.7812,0.8125,0.8438,0.7812,0.7812
32,0.7879,0.8182,0.8485,0.7879,0.7879
33,0.7941,0.8235,0.8529,0.7941,0.7941
34,0.8000,0.8286,0.8571,0.8000,0.8000
35,0.8056,0.8333,0.8611,0.8056,0.8056
36,0.8108,0.8378,0.8649,0.8108,0.8108
37,0.8158,0.8421,0.8684,0.8158,0.8158
38,0.8205,0.8462,0.8718,0.8205,0.8205
39,0.8250,0.8500,0.8750,0.8250,0.8250
40,0.8293,0.8537,0.8780,0.8293,0.8293
41,0.8333,0.8571,0.8810,0.8333,0.8333
42,0.8372,0.8605,0.8837,0.8372,0.8372
43,0.8182,0.8409,0.8636,0.8182,0.8182
44,0.8222,0.8444,0.8667,0.8222,0.8222
45,0.8261,0.8478,0.8696,0.8261,0.8261
46,0.8298,0.8511,0.8723,0.8298,0.8298
47,0.8333,0.8542,0.8750,0.8333,0.8333
48,0.8367,0.8571,0.8776,0.8367,0.8367
49,0.8200,0.8400,0.8600,0.8200,0.8200
50,0.8200,0.8400,0.8600,0.8200,0.8200
51,0.8400,0.8600,0.8800,0.8200,0.8400
52,0.8600,0.8800,0.9000,0.8400,0.8600
53,0.8600,0.8800,0.9000,0.8400,0.8600
54,0.8400,0.8800,0.9000,0.8400,0.8600
55,0.8200,0.8800,0.9000,0.8400,0.8600
56,0.8200,0.8800,0.9000,0.8400,0.8600
57,0.8200,0.8800,0.9000,0.8400,0.8600
58,0.8200,0.8800,0.9000,0.8400,0.8600
59,0.8200,0.8800,0.9000,0.8400,0.8600
60,0.8200,0.8800,0.9000,0.8400,0.8600
61,0.8400,0.9000,0.9200,0.8400,0.8800
62,0.8400,0.9000,0.9200,0.8200,0.8800
63,0.8400,0.9000,0.9200,0.8200,0.8800
64,0.8200,0.8800,0.9000,0.8200,0.8600
65,0.8200,0.8600,0.9000,0.8200,0.8400
66,0.8200,0.8400,0.9000,0.8200,0.8200
67,0.8200,0.8400,0.9000,0.8200,0.8200
68,0.8200,0.8400,0.9000,0.8200,0.8200
69,0.8200,0.8400,0.9000,0.8200,0.8200
70,0.8400,0.8600,0.9200,0.8400,0.8400
71,0.8200,0.8400,0.9000,0.8200,0.8200
72,0.8200,0.8400,0.8800,0.8000,0.8000
73,0.8400,0.8400,0.8800,0.8000,0.8000
74,0.8200,0.8400,0.8800,0.8000,0.8200
75,0.8000,0.8200,0.8800,0.8000,0.8200
76,0.8000,0.8200,0.8800,0.8200,0.8400
77,0.7800,0.8000,0.8800,0.8200,0.8200
78,0.7800,0.8000,0.8800,0.8200,0.8200
79,0.7600,0.7800,0.8600,0.8200,0.8200
80,0.7600,0.7800,0.8600,0.8200,0.8200
81,0.7600,0.7800,0.8600,0.8200,0.8200
82,0.7600,0.7800,0.8600,0.8200,0.8200
83,0.7600,0.7800,0.8600,0.8200,0.8200
84,0.7400,0.7600,0.8400,0.8000,0.8000
85,0.7400,0.7600,0.8400,0.8000,0.8000
86,0.7400,0.7600,0.8400,0.8000,0.8000
87,0.7400,0.7600,0.8400,0.8000,0.8000
88,0.7400,0.7600,0.8400,0.8000,0.8000
89,0.7400,0.7600,0.8400,0.8000,0.8000
90,0.7400,0.7600,0.8400,0.8000,0.8000
91,0.7200,0.7400,0.8400,0.7800,0.7800
92,0.7000,0.7200,0.8400,0.7600,0.7800
93,0.7200,0.7400,0.8600,0.7800,0.8000
94,0.7200,0.7400,0.8600,0.7600,0.7800
95,0.7200,0.7400,0.8600,0.7400,0.7600
96,0.7000,0.7400,0.8600,0.7400,0.7600
97,0.7000,0.7400,0.8600,0.7400,0.7600
98,0.7000,0.7400,0.8600,0.7400,0.7600
99,0.7000,0.7400,0.8600,0.7600,0.7800
100,0.7200,0.7600,0.8800,0.7800,0.8000
101,0.7000,0.7400,0.8600,0.7800,0.7800
102,0.7000,0.7400,0.8600,0.7800,0.7800
103,0.7000,0.7400,0.8600,0.7800,0.7800
104,0.7200,0.7400,0.8600,0.7800,0.7800
105,0.7400,0.7400,0.8600,0.7800,0.7800
106,0.7400,0.7400,0.8600,0.7800,0.7800
107,0.7400,0.7400,0.8600,0.7800,0.7800
108,0.7400,0.7400,0.8600,0.7800,0.7800
109,0.7400,0.7400,0.8600,0.7800,0.7800
110,0.7200,0.7200,0.8400,0.7600,0.7600
111,0.7200,0.7200,0.8400,0.7800,0.7600
112,0.7000,0.7000,0.8200,0.7800,0.7400
113,0.7000,0.7000,0.8200,0.7600,0.7200
114,0.7000,0.7000,0.8400,0.7400,0.7200
115,0.6800,0.7200,0.8400,0.7400,0.7400
116,0.6600,0.7200,0.8200,0.7400,0.7600
117,0.6400,0.7000,0.8000,0.7200,0.7400
118,0.6400,0.7000,0.8000,0.7200,0.7400
119,0.6400,0.7000,0.8000,0.7200,0.7400
120,0.6400,0.7000,0.8000,0.7200,0.7400
121,0.6400,0.7000,0.8000,0.7200,0.7600
122,0.6600,0.7200,0.8200,0.7400,0.7800
123,0.6600,0.7200,0.8200,0.7400,0.7800
124,0.6800,0.7200,0.8200,0.7600,0.7800
125,0.7000,0.7400,0.8200,0.7600,0.7800
126,0.7000,0.7400,0.8200,0.7600,0.7800
127,0.7200,0.7600,0.8200,0.7400,0.8000
128,0.7000,0.7400,0.8000,0.7200,0.7800
129,0.7000,0.7400,0.8000,0.7200,0.7600
130,0.7000,0.7200,0.8000,0.7000,0.7600
131,0.6800,0.7000,0.8000,0.7000,0.7600
132,0.6800,0.7000,0.8000,0.7000,0.7600
133,0.6600,0.6800,0.8000,0.7000,0.7600
134,0.6800,0.7000,0.8200,0.7200,0.7800
135,0.6800,0.7000,0.8200,0.7200,0.7800
136,0.6800,0.7000,0.8200,0.7200,0.7800
137,0.6800,0.7000,0.8200,0.7200,0.7800
138,0.6600,0.6800,0.8000,0.7000,0.7600
139,0.6600,0.6800,0.8000,0.7000,0.7600
140,0.6600,0.6600,0.8000,0.7000,0.7400
141,0.6600,0.6600,0.8000,0.7200,0.7600
142,0.6800,0.6600,0.8000,0.7400,0.7600
143,0.6800,0.6600,0.8000,0.7400,0.7600
144,0.6600,0.6600,0.8000,0.7600,0.7800
145,0.6600,0.6600,0.8000,0.7800,0.8000
146,0.6800,0.6600,0.8000,0.7800,0.8000
147,0.6800,0.6600,0.8000,0.7800,0.8000
148,0.6600,0.6400,0.7800,0.7600,0.8000
149,0.6800,0.6600,0.8000,0.7600,0.8000
150,0.6800,0.6600,0.8000,0.7600,0.8000
151,0.6800,0.6800,0.8200,0.7800,0.8200
152,0.6800,0.6800,0.8200,0.7800,0.8200
153,0.6800,0.6800,0.8200,0.7800,0.8200
154,0.6800,0.6800,0.8200,0.7800,0.8200
155,0.6800,0.6800,0.8200,0.7800,0.8200
156,0.6800,0.6800,0.8200,0.7800,0.8200
157,0.6800,0.6800,0.8200,0.7800,0.8200
158,0.6600,0.6600,0.8000,0.7600,0.8000
159,0.6600,0.6600,0.8000,0.7600,0.8000
160,0.6800,0.6800,0.8200,0.7600,0.8000
161,0.6600,0.6600,0.8000,0.7400,0.7800
162,0.6800,0.6800,0.8200,0.7600,0.8000
163,0.6600,0.6600,0.8200,0.7800,0.8200
164,0.6800,0.6800,0.8200,0.8000,0.8400
165,0.6800,0.6600,0.8000,0.8000,0.8400
166,0.6800,0.6600,0.8200,0.8000,0.8400
167,0.6800,0.6600,0.8200,0.8000,0.8400
168,0.6800,0.6600,0.8200,0.8000,0.8400
169,0.6800,0.6600,0.8200,0.8000,0.8400
170,0.6600,0.6400,0.8200,0.7800,0.8200
171,0.6800,0.6600,0.8400,0.8000,0.8200
172,0.6800,0.6600,0.8400,0.8000,0.8200
173,0.6800,0.6600,0.8400,0.8000,0.8200
174,0.6800,0.6600,0.8400,0.8000,0.8200
175,0.6800,0.6600,0.8400,0.8000,0.8200
176,0.6600,0.6400,0.8200,0.7800,0.8000
177,0.6400,0.6200,0.8000,0.7800,0.7800
178,0.6600,0.6400,0.8200,0.8000,0.8000
179,0.6800,0.6600,0.8400,0.8000,0.8200
180,0.6800,0.6800,0.8400,0.8200,0.8200
181,0.6800,0.7000,0.8400,0.8200,0.8000
182,0.6800,0.7000,0.8400,0.8200,0.8000
183,0.7000,0.7200,0.8400,0.8200,0.8000
184,0.7000,0.7200,0.8400,0.8200,0.8000
185,0.7000,0.7000,0.8400,0.8000,0.7800
186,0.6800,0.6800,0.8200,0.7800,0.7600
187,0.6600,0.6800,0.8200,0.7600,0.7400
188,0.6800,0.7000,0.8400,0.7600,0.7600
189,0.6800,0.7000,0.8400,0.7400,0.7400
190,0.6800,0.7200,0.8400,0.7400,0.7400
191,0.7000,0.7400,0.8400,0.7400,0.7400
192,0.7000,0.7600,0.8400,0.7400,0.7400
193,0.6800,0.7400,0.8200,0.7400,0.7400
194,0.7000,0.7400,0.8200,0.7400,0.7400
195,0.7000,0.7400,0.8200,0.7400,0.7400
196,0.7000,0.7400,0.8200,0.7400,0.7400
197,0.6800,0.7200,0.8000,0.7200,0.7200
198,0.7000,0.7400,0.8200,0.7400,0.7200
199,0.7000,0.7400,0.8200,0.7200,0.7200
200,0.7000,0.7400,0.8200,0.7200,0.7200
201,0.7200,0.7400,0.8200,0.7200,0.7200
202,0.7200,0.7400,0.8200,0.7200,0.7200
203,0.7200,0.7400,0.8200,0.7200,0.7200
204,0.7200,0.7200,0.8200,0.7000,0.7000
205,0.7200,0.7200,0.8200,0.7000,0.7000
206,0.7200,0.7200,0.8200,0.7000,0.7000
207,0.7000,0.7000,0.8000,0.6800,0.6800
208,0.7200,0.7200,0.8200,0.6800,0.7000
209,0.7000,0.7000,0.8000,0.6800,0.6800
210,0.7000,0.7000,0.8000,0.7000,0.7000
211,0.7200,0.7200,0.8200,0.7000,0.7200
212,0.7200,0.7200,0.8200,0.7000,0.7200
213,0.7200,0.7200,0.8000,0.6800,0.7000
214,0.7000,0.7000,0.7800,0.6800,0.6800
215,0.7200,0.7200,0.8000,0.6800,0.6800
216,0.7400,0.7400,0.8000,0.6600,0.6800
217,0.7600,0.7600,0.8200,0.6800,0.7000
218,0.7600,0.7600,0.8200,0.6800,0.7000
219,0.7400,0.7400,0.8000,0.6800,0.6800
220,0.7600,0.7600,0.8000,0.7000,0.7000
221,0.7600,0.7600,0.8000,0.7000,0.7000
222,0.7400,0.7400,0.7800,0.6800,0.6800
223,0.7400,0.7400,0.7800,0.6800,0.6800
224,0.7400,0.7400,0.7800,0.6800,0.6800
225,0.7400,0.7400,0.7800,0.6800,0.6800
226,0.7600,0.7600,0.8000,0.7000,0.7000
227,0.7800,0.7800,0.8200,0.7200,0.7200
228,0.7800,0.7800,0.8200,0.7200,0.7200
229,0.7800,0.7600,0.8200,0.7200,0.7000
230,0.7800,0.7400,0.8200,0.7000,0.6800
231,0.7800,0.7200,0.8000,0.6800,0.6800
232,0.7800,0.7200,0.8000,0.6800,0.6600
233,0.7800,0.7200,0.8000,0.6800,0.6600
234,0.7800,0.7200,0.8000,0.6800,0.6600
235,0.7600,0.7400,0.8000,0.6800,0.6800
236,0.7600,0.7600,0.8200,0.7000,0.7000
237,0.7800,0.7600,0.8200,0.7200,0.7200
238,0.7600,0.7400,0.8000,0.7200,0.7000
239,0.7600,0.7400,0.8000,0.7400,0.7200
240,0.7600,0.7400,0.8000,0.7200,0.7400
241,0.7400,0.7200,0.8000,0.7200,0.7400
242,0.7400,0.7200,0.8000,0.7000,0.7400
243,0.7600,0.7400,0.8200,0.7000,0.7400
244,0.7600,0.7400,0.8200,0.7000,0.7400
245,0.7600,0.7400,0.8200,0.7000,0.7400
246,0.7600,0.7400,0.8200,0.7000,0.7400
247,0.7800,0.7600,0.8400,0.7200,0.7600
248,0.7800,0.7600,0.8400,0.7000,0.7600
249,0.7800,0.7600,0.8400,0.7000,0.7600
250,0.7800,0.7600,0.8400,0.7000,0.7600
251,0.7800,0.7600,0.8400,0.6800,0.7600
252,0.7800,0.7600,0.8400,0.6800,0.7600
253,0.7800,0.7600,0.8400,0.6600,0.7600
254,0.7800,0.7800,0.8400,0.6800,0.7800
255,0.7800,0.7800,0.8400,0.6800,0.7800
256,0.7800,0.7800,0.8400,0.6800,0.7800
257,0.8000,0.8000,0.8600,0.7000,0.8000
258,0.8000,0.8000,0.8600,0.7200,0.8000
259,0.8000,0.8000,0.8600,0.7000,0.8000
260,0.8000,0.8000,0.8600,0.7000,0.8000
261,0.8000,0.8000,0.8600,0.7200,0.8000
262,0.8000,0.8000,0.8600,0.7200,0.8000
263,0.8200,0.8200,0.8800,0.7400,0.8200
264,0.8400,0.8400,0.9000,0.7400,0.8400
265,0.8400,0.8400,0.9000,0.7400,0.8400
266,0.8400,0.8200,0.9000,0.7600,0.8200
267,0.8400,0.8200,0.9000,0.7600,0.8000
268,0.8200,0.8000,0.8800,0.7600,0.7800
269,0.8400,0.8200,0.9000,0.7600,0.7800
270,0.8200,0.8200,0.9000,0.7600,0.7800
271,0.8200,0.8200,0.9000,0.7600,0.7800
272,0.8400,0.8400,0.9200,0.7800,0.8000
273,0.8200,0.8200,0.9200,0.7600,0.7800
274,0.8200,0.8000,0.9000,0.7400,0.7600
275,0.8200,0.8000,0.9000,0.7400,0.7600
276,0.8200,0.8000,0.9000,0.7400,0.7600
277,0.8200,0.8000,0.9000,0.7400,0.7600
278,0.8200,0.7800,0.9000,0.7400,0.7400
279,0.8200,0.8000,0.9000,0.7400,0.7600
280,0.8200,0.8200,0.9000,0.7600,0.7800
281,0.8400,0.8400,0.9200,0.7800,0.8000
282,0.8400,0.8400,0.9200,0.7800,0.8200
283,0.8400,0.8400,0.9200,0.7800,0.8200
284,0.8400,0.8400,0.9200,0.7800,0.8200
285,0.8600,0.8400,0.9200,0.8000,0.8200
286,0.8800,0.8400,0.9200,0.8000,0.8200
287,0.8800,0.8400,0.9200,0.8000,0.8200
288,0.9000,0.8600,0.9400,0.8200,0.8400
289,0.9000,0.8600,0.9400,0.8200,0.8400
290,0.9000,0.8600,0.9400,0.8400,0.8400
291,0.9200,0.8800,0.9400,0.8400,0.8400
292,0.9200,0.8800,0.9400,0.8600,0.8400
293,0.9000,0.8600,0.9200,0.8400,0.8200
294,0.8800,0.8400,0.9000,0.8200,0.8000
295,0.8800,0.8400,0.9000,0.8200,0.8000
296,0.8800,0.8400,0.9000,0.8200,0.8000
297,0.8800,0.8400,0.9000,0.8200,0.8000
298,0.8800,0.8200,0.9000,0.8400,0.7800
299,0.8800,0.8200,0.9000,0.8600,0.7800
300,0.8600,0.8000,0.8800,0.8400,0.7600
301,0.8400,0.8000,0.8800,0.8600,0.7600
302,0.8400,0.8000,0.8800,0.8600,0.7600
303,0.8400,0.8000,0.8800,0.8800,0.7600
304,0.8200,0.7800,0.8800,0.8800,0.7400
305,0.8000,0.7600,0.8800,0.8600,0.7200
306,0.7800,0.7400,0.8600,0.8400,0.7000
307,0.7800,0.7400,0.8600,0.8400,0.7000
308,0.7800,0.7400,0.8600,0.8400,0.7000
309,0.8000,0.7600,0.8800,0.8600,0.7200
310,0.8000,0.7600,0.8800,0.8600,0.7200
311,0.8000,0.7600,0.8800,0.8600,0.7200
312,0.8000,0.7600,0.8800,0.8400,0.7200
313,0.7800,0.7400,0.8600,0.8400,0.7000
314,0.7600,0.7200,0.8400,0.8200,0.6800
315,0.7600,0.7200,0.8400,0.8000,0.6600
316,0.7600,0.7400,0.8400,0.8000,0.6600
317,0.7600,0.7400,0.8400,0.8000,0.6800
318,0.7800,0.7600,0.8600,0.8000,0.7000
319,0.7800,0.7600,0.8600,0.8000,0.7200
320,0.8000,0.7600,0.8600,0.8000,0.7200
321,0.8000,0.7600,0.8600,0.7800,0.7200
322,0.7800,0.7400,0.8400,0.7600,0.7000
323,0.8000,0.7600,0.8400,0.7600,0.7200
324,0.8000,0.7800,0.8600,0.7600,0.7400
325,0.8000,0.7800,0.8600,0.7600,0.7400
326,0.8000,0.7800,0.8600,0.7600,0.7400
327,0.7800,0.7600,0.8600,0.7600,0.7200
328,0.7600,0.7600,0.8400,0.7600,0.7200
329,0.7400,0.7400,0.8200,0.7400,0.7000
330,0.7400,0.7400,0.8200,0.7400,0.7000
331,0.7400,0.7400,0.8200,0.7400,0.7000
332,0.7400,0.7200,0.8200,0.7200,0.6800
333,0.7200,0.7000,0.8200,0.7200,0.6600
334,0.7000,0.6800,0.8000,0.7000,0.6400
335,0.7000,0.6800,0.8000,0.7000,0.6400
336,0.7000,0.6600,0.7800,0.7000,0.6200
337,0.7000,0.6600,0.7800,0.7000,0.6200
338,0.7000,0.6600,0.7800,0.7000,0.6200
339,0.7000,0.6600,0.7800,0.7000,0.6200
340,0.7000,0.6600,0.7800,0.7000,0.6200
341,0.7000,0.6600,0.7800,0.7000,0.6200
342,0.7000,0.6600,0.7800,0.7000,0.6200
343,0.7200,0.6800,0.8000,0.7200,0.6400
344,0.7400,0.7000,0.8200,0.7400,0.6600
345,0.7400,0.7000,0.8200,0.7400,0.6600
346,0.7400,0.7000,0.8200,0.7400,0.6600
347,0.7400,0.7000,0.8200,0.7400,0.6600
348,0.7400,0.7200,0.8200,0.7400,0.6800
349,0.7200,0.7200,0.8200,0.7200,0.6800
350,0.7400,0.7400,0.8400,0.7400,0.7000
351,0.7600,0.7400,0.8400,0.7400,0.7000
352,0.7400,0.7400,0.8400,0.7400,0.7000
353,0.7400,0.7400,0.8400,0.7400,0.7000
354,0.7600,0.7600,0.8400,0.7400,0.7200
355,0.7800,0.7800,0.8400,0.7600,0.7400
356,0.8000,0.8000,0.8600,0.7800,0.7600
357,0.8000,0.8000,0.8600,0.7800,0.7600
358,0.8000,0.8000,0.8600,0.7800,0.7600
359,0.8000,0.8000,0.8600,0.7800,0.7600
360,0.7800,0.7800,0.8400,0.7600,0.7400
361,0.7800,0.7800,0.8400,0.7600,0.7400
362,0.7800,0.7800,0.8400,0.7800,0.7400
363,0.7800,0.7800,0.8600,0.7800,0.7400
364,0.7800,0.7800,0.8800,0.8000,0.7600
365,0.7800,0.7600,0.8600,0.8000,0.7800
366,0.7800,0.7600,0.8600,0.8000,0.8000
367,0.7800,0.7600,0.8600,0.8000,0.8000
368,0.7800,0.7600,0.8600,0.8000,0.8000
369,0.7800,0.7600,0.8600,0.8000,0.8000
370,0.7800,0.7600,0.8600,0.8000,0.8000
371,0.7800,0.7600,0.8600,0.8200,0.8000
372,0.8000,0.7800,0.8800,0.8400,0.8200
373,0.8000,0.7800,0.8800,0.8600,0.8200
374,0.8000,0.7800,0.8800,0.8800,0.8200
375,0.8000,0.7800,0.8800,0.8800,0.8200
376,0.8000,0.7800,0.8800,0.8800,0.8200
377,0.8000,0.7800,0.8600,0.8600,0.8200
378,0.8200,0.8000,0.8800,0.8600,0.8400
379,0.8400,0.8200,0.9000,0.8800,0.8600
380,0.8200,0.8000,0.8800,0.8600,0.8400
381,0.8200,0.8000,0.8800,0.8400,0.8200
382,0.8200,0.8200,0.8800,0.8600,0.8400
383,0.8200,0.8200,0.8800,0.8400,0.8400
384,0.8200,0.8400,0.9000,0.8600,0.8600
385,0.8000,0.8200,0.8800,0.8600,0.8600
386,0.8000,0.8400,0.9000,0.8600,0.8800
387,0.7800,0.8200,0.8800,0.8600,0.8800
388,0.7800,0.8200,0.8800,0.8600,0.8800
389,0.7800,0.8200,0.8800,0.8600,0.8800
390,0.7600,0.8000,0.8800,0.8400,0.8600
391,0.7600,0.8000,0.8800,0.8400,0.8600
392,0.7600,0.8000,0.8800,0.8400,0.8600
393,0.7400,0.8000,0.8800,0.8200,0.8400
394,0.7400,0.8000,0.8800,0.8000,0.8200
395,0.7400,0.8000,0.8800,0.8000,0.8200
396,0.7400,0.8000,0.8800,0.8000,0.8200
397,0.7200,0.7800,0.8600,0.7800,0.8000
398,0.7200,0.7800,0.8600,0.7800,0.8000
399,0.7400,0.7800,0.8600,0.8000,0.8000
400,0.7400,0.7800,0.8600,0.8000,0.8000
401,0.7200,0.7600,0.8400,0.7800,0.7800
402,0.7200,0.7400,0.8200,0.7600,0.7600
403,0.7200,0.7400,0.8200,0.7600,0.7600
404,0.7200,0.7400,0.8200,0.7600,0.7600
405,0.7200,0.7400,0.8200,0.7600,0.7600
406,0.7200,0.7400,0.8200,0.7600,0.7600
407,0.7000,0.7200,0.8000,0.7400,0.7400
408,0.6800,0.7200,0.8000,0.7400,0.7400
409,0.6800,0.7200,0.8000,0.7200,0.7200
410,0.7000,0.7400,0.8200,0.7400,0.7400
411,0.7000,0.7400,0.8200,0.7400,0.7400
412,0.7000,0.7400,0.8200,0.7400,0.7400
413,0.7000,0.7400,0.8200,0.7200,0.7400
414,0.7200,0.7400,0.8000,0.7000,0.7200
415,0.7000,0.7400,0.8000,0.7000,0.7000
416,0.7000,0.7200,0.8000,0.7000,0.6800
417,0.6800,0.7000,0.7800,0.6800,0.6600
418,0.6800,0.7000,0.7800,0.6800,0.6600
419,0.6600,0.6800,0.7800,0.6600,0.6400
420,0.6600,0.6800,0.7800,0.6600,0.6400
421,0.6600,0.6800,0.7800,0.6600,0.6400
422,0.6600,0.6800,0.7800,0.6600,0.6400
423,0.6600,0.6600,0.7800,0.6400,0.6200
424,0.6400,0.6400,0.7600,0.6400,0.6000
425,0.6400,0.6400,0.7600,0.6400,0.6000
426,0.6400,0.6400,0.7600,0.6400,0.6000
427,0.6400,0.6600,0.7800,0.6600,0.6200
428,0.6400,0.6600,0.7800,0.6400,0.6200
429,0.6200,0.6400,0.7800,0.6400,0.6000
430,0.6200,0.6400,0.7800,0.6400,0.6000
431,0.6200,0.6400,0.7800,0.6600,0.6200
432,0.6200,0.6400,0.7800,0.6600,0.6200
433,0.6400,0.6600,0.7800,0.6800,0.6400
434,0.6600,0.6600,0.7800,0.6800,0.6400
435,0.6600,0.6600,0.7800,0.6600,0.6200
436,0.6400,0.6400,0.7800,0.6600,0.6000
437,0.6600,0.6600,0.8000,0.6600,0.6000
438,0.6400,0.6400,0.8000,0.6400,0.5800
439,0.6200,0.6200,0.8000,0.6200,0.5600
440,0.6400,0.6400,0.8000,0.6200,0.5800
441,0.6200,0.6200,0.7800,0.6000,0.5600
442,0.6000,0.6000,0.7600,0.5800,0.5400
443,0.6200,0.6000,0.7600,0.6000,0.5600
444,0.6200,0.6000,0.7600,0.6200,0.5800
445,0.6000,0.5800,0.7400,0.6200,0.5600
446,0.6000,0.5800,0.7400,0.6200,0.5600
447,0.6000,0.5800,0.7400,0.6200,0.5600
448,0.5800,0.5600,0.7200,0.6200,0.5400
449,0.5800,0.5600,0.7200,0.6200,0.5400
450,0.5800,0.5600,0.7200,0.6200,0.5400
451,0.6000,0.5800,0.7400,0.6400,0.5600
452,0.6200,0.6000,0.7600,0.6600,0.5800
453,0.6000,0.5800,0.7600,0.6400,0.5600
454,0.6000,0.5800,0.7600,0.6400,0.5600
455,0.6000,0.5600,0.7600,0.6400,0.5600
456,0.5800,0.5400,0.7400,0.6200,0.5400
457,0.6000,0.5400,0.7600,0.6200,0.5600
458,0.6000,0.5200,0.7400,0.6000,0.5400
459,0.5800,0.5200,0.7400,0.6000,0.5600
460,0.5800,0.5200,0.7400,0.6000,0.5600
461,0.5800,0.5200,0.7400,0.5800,0.5600
462,0.5800,0.5200,0.7400,0.5600,0.5400
463,0.5800,0.5200,0.7400,0.5800,0.5600
464,0.5800,0.5400,0.7600,0.6000,0.5800
465,0.6000,0.5600,0.7800,0.6200,0.6000
466,0.6000,0.5800,0.7800,0.6000,0.6000
467,0.6200,0.6000,0.8000,0.6200,0.6200
468,0.6200,0.6000,0.8000,0.6200,0.6200
469,0.6400,0.6200,0.8000,0.6400,0.6400
470,0.6200,0.6000,0.7800,0.6400,0.6200
471,0.6200,0.6000,0.7800,0.6400,0.6000
472,0.6000,0.5800,0.7600,0.6400,0.6000
473,0.6000,0.6000,0.7600,0.6600,0.6200
474,0.6200,0.6200,0.7800,0.6600,0.6400
475,0.6000,0.6000,0.7600,0.6400,0.6200
476,0.5800,0.5800,0.7400,0.6200,0.6000
477,0.5800,0.5600,0.7400,0.6000,0.6000
478,0.5600,0.5400,0.7400,0.6000,0.5800
479,0.5800,0.5600,0.7400,0.6000,0.6000
480,0.6000,0.5800,0.7600,0.6200,0.6200
481,0.6000,0.5800,0.7600,0.6200,0.6200
482,0.5800,0.5600,0.7400,0.6000,0.6000
483,0.5800,0.5600,0.7400,0.6000,0.6000
484,0.5600,0.5400,0.7400,0.6000,0.6000
485,0.5800,0.5600,0.7600,0.6200,0.6200
486,0.6000,0.5800,0.7600,0.6200,0.6400
487,0.5800,0.5600,0.7400,0.6000,0.6200
488,0.5800,0.5600,0.7400,0.6000,0.6200
489,0.6000,0.5800,0.7400,0.6200,0.6400
490,0.5800,0.5600,0.7200,0.6200,0.6200
491,0.5800,0.5600,0.7400,0.6200,0.6200
492,0.6000,0.5800,0.7600,0.6400,0.6400
493,0.6000,0.5800,0.7600,0.6200,0.6200
494,0.6000,0.5600,0.7600,0.6000,0.6000
495,0.6000,0.5600,0.7600,0.6000,0.6200
496,0.5800,0.5400,0.7400,0.5800,0.6200
497,0.5800,0.5400,0.7600,0.6000,0.6400
498,0.6000,0.5600,0.7800,0.6000,0.6600
499,0.6000,0.5600,0.7800,0.6000,0.6600
500,0.5800,0.5600,0.7800,0.5800,0.6600
501,0.5800,0.5600,0.7800,0.5800,0.6600
502,0.5800,0.5600,0.7800,0.5800,0.6600
503,0.6000,0.5800,0.7800,0.6000,0.6800
504,0.5800,0.5600,0.7600,0.5800,0.6600
505,0.5600,0.5600,0.7400,0.5600,0.6400
506,0.5600,0.5800,0.7600,0.5800,0.6600
507,0.5400,0.5800,0.7400,0.6000,0.6400
508,0.5400,0.5800,0.7600,0.6000,0.6600
509,0.5600,0.5800,0.7600,0.6200,0.6600
510,0.5600,0.5800,0.7600,0.6000,0.6400
511,0.5600,0.5800,0.7600,0.6200,0.6400
512,0.5400,0.5600,0.7400,0.6200,0.6400
513,0.5400,0.5600,0.7400,0.6000,0.6200
514,0.5200,0.5600,0.7400,0.5800,0.6000
515,0.5000,0.5400,0.7200,0.5600,0.5800
516,0.5000,0.5400,0.7200,0.5600,0.5800
517,0.5000,0.5400,0.7200,0.5600,0.5800
518,0.5000,0.5400,0.7200,0.5400,0.5600
519,0.4800,0.5200,0.7000,0.5200,0.5400
520,0.5000,0.5400,0.7200,0.5200,0.5600
521,0.5000,0.5400,0.7200,0.5200,0.5800
522,0.5000,0.5400,0.7200,0.5200,0.5800
523,0.4800,0.5400,0.7200,0.5000,0.5600
524,0.4800,0.5400,0.7200,0.5000,0.5600
525,0.5000,0.5600,0.7400,0.5200,0.5800
526,0.5000,0.5600,0.7400,0.5200,0.5800
527,0.5200,0.5800,0.7400,0.5200,0.5600
528,0.5400,0.6000,0.7400,0.5200,0.5800
529,0.5200,0.5800,0.7400,0.5000,0.5600
530,0.5200,0.5800,0.7400,0.5000,0.5600
531,0.5200,0.5800,0.7400,0.5000,0.5600
532,0.5400,0.6000,0.7600,0.5000,0.5800
533,0.5200,0.5800,0.7400,0.4800,0.5600
534,0.5400,0.6000,0.7400,0.4600,0.5600
535,0.5200,0.5800,0.7200,0.4400,0.5400
536,0.5000,0.5600,0.7000,0.4400,0.5200
537,0.5000,0.5600,0.7200,0.4400,0.5200
538,0.5200,0.5800,0.7200,0.4600,0.5400
539,0.5000,0.5800,0.7200,0.4400,0.5400
540,0.5000,0.5800,0.7200,0.4400,0.5400
541,0.5200,0.6000,0.7200,0.4400,0.5600
542,0.5200,0.6000,0.7200,0.4200,0.5600
543,0.5000,0.5800,0.7200,0.4200,0.5600
544,0.5000,0.6000,0.7200,0.4400,0.5800
545,0.5000,0.6000,0.7200,0.4200,0.5600
546,0.5200,0.6000,0.7400,0.4200,0.5400
547,0.5200,0.6000,0.7200,0.4200,0.5200
548,0.5000,0.5800,0.7000,0.4000,0.5000
549,0.5000,0.5800,0.7000,0.4000,0.5000
550,0.5200,0.5800,0.7000,0.4000,0.5000
551,0.5200,0.5600,0.7000,0.3800,0.4800
552,0.5000,0.5400,0.6800,0.3600,0.4600
553,0.5000,0.5200,0.6800,0.3400,0.4400
554,0.5200,0.5400,0.7000,0.3400,0.4600
555,0.5200,0.5600,0.7200,0.3400,0.4800
556,0.5200,0.5400,0.7000,0.3400,0.4600
557,0.5400,0.5600,0.7200,0.3400,0.4800
558,0.5600,0.5800,0.7200,0.3400,0.4800
559,0.5400,0.5600,0.7000,0.3200,0.4600
560,0.5200,0.5400,0.6800,0.3200,0.4600
561,0.5200,0.5400,0.6800,0.3200,0.4600
562,0.5400,0.5600,0.7000,0.3400,0.4800
563,0.5400,0.5600,0.7000,0.3400,0.4800
564,0.5400,0.5600,0.7000,0.3400,0.5000
565,0.5400,0.5600,0.7000,0.3400,0.5000
566,0.5200,0.5400,0.6800,0.3600,0.5000
567,0.5000,0.5200,0.6800,0.3400,0.4800
568,0.4800,0.5000,0.6800,0.3400,0.4800
569,0.5000,0.5200,0.7000,0.3600,0.5000
570,0.5000,0.5200,0.7000,0.3600,0.5000
571,0.4800,0.5000,0.7000,0.3400,0.4800
572,0.4800,0.5000,0.7000,0.3400,0.4600
573,0.5000,0.5000,0.7000,0.3600,0.4800
574,0.4800,0.4800,0.6800,0.3400,0.4600
575,0.4800,0.4800,0.6800,0.3400,0.4600
576,0.5000,0.5000,0.7000,0.3600,0.4800
577,0.5000,0.5000,0.7000,0.3800,0.5000
578,0.4800,0.4800,0.6800,0.3800,0.4800
579,0.4800,0.4800,0.6800,0.3800,0.4800
580,0.4800,0.4800,0.6800,0.3600,0.4600
581,0.4600,0.4600,0.6800,0.3600,0.4600
582,0.4400,0.4400,0.6800,0.3800,0.4600
583,0.4400,0.4400,0.6800,0.4000,0.4600
584,0.4200,0.4200,0.6600,0.4000,0.4400
585,0.4200,0.4200,0.6600,0.4000,0.4400
586,0.4200,0.4200,0.6800,0.3800,0.4400
587,0.4200,0.4200,0.6600,0.3800,0.4600
588,0.4000,0.4000,0.6600,0.3800,0.4600
589,0.4000,0.3800,0.6400,0.3800,0.4400
590,0.4200,0.4000,0.6600,0.4000,0.4600
591,0.4000,0.3800,0.6400,0.4000,0.4400
592,0.3800,0.3600,0.6400,0.4000,0.4200
593,0.4000,0.3800,0.6400,0.4200,0.4400
594,0.4000,0.3800,0.6400,0.4200,0.4400
595,0.4200,0.4000,0.6600,0.4400,0.4600
596,0.4200,0.4200,0.6600,0.4600,0.4800
597,0.4200,0.4200,0.6800,0.4600,0.5000
598,0.4400,0.4400,0.7000,0.4800,0.5200
599,0.4200,0.4200,0.6800,0.4600,0.5200
600,0.4000,0.4000,0.6800,0.4600,0.5000
601,0.4000,0.4200,0.6800,0.4800,0.5200
602,0.4200,0.4400,0.7000,0.5000,0.5400
603,0.4200,0.4600,0.7000,0.5200,0.5600
604,0.4200,0.4600,0.7000,0.5400,0.5600
605,0.4200,0.4400,0.6800,0.5400,0.5400
606,0.4400,0.4600,0.7000,0.5400,0.5600
607,0.4400,0.4600,0.7000,0.5400,0.5600
608,0.4200,0.4400,0.6800,0.5600,0.5400
609,0.4400,0.4600,0.7000,0.5800,0.5600
610,0.4400,0.4600,0.7200,0.5800,0.5600
611,0.4200,0.4400,0.7000,0.5800,0.5600
612,0.4200,0.4400,0.7000,0.5600,0.5400
613,0.4400,0.4600,0.7000,0.5800,0.5600
614,0.4400,0.4400,0.7000,0.5800,0.5400
615,0.4600,0.4600,0.7200,0.6000,0.5600
616,0.4800,0.4800,0.7400,0.6000,0.5800
617,0.5000,0.5000,0.7400,0.6000,0.5800
618,0.5200,0.5200,0.7400,0.6200,0.6000
619,0.5000,0.5000,0.7200,0.6000,0.5800
620,0.4800,0.4800,0.7000,0.5800,0.5600
621,0.4800,0.5000,0.7000,0.5800,0.5600
622,0.4800,0.5000,0.7200,0.5800,0.5800
623,0.4800,0.5000,0.7200,0.5600,0.5600
624,0.4800,0.5000,0.7200,0.5600,0.5600
625,0.4600,0.4800,0.7000,0.5600,0.5400
626,0.4600,0.4800,0.7000,0.5600,0.5200
627,0.4600,0.4800,0.7000,0.5600,0.5200
628,0.4800,0.5000,0.7200,0.5800,0.5400
629,0.5000,0.5000,0.7200,0.5800,0.5400
630,0.5000,0.5000,0.7200,0.6000,0.5600
631,0.5000,0.5000,0.7200,0.5800,0.5400
632,0.5000,0.5000,0.7000,0.5600,0.5200
633,0.5000,0.5000,0.7000,0.5400,0.5200
634,0.5200,0.5200,0.7200,0.5600,0.5400
635,0.5200,0.5200,0.7200,0.5800,0.5400
636,0.5400,0.5400,0.7200,0.5800,0.5600
637,0.5400,0.5400,0.7400,0.5800,0.5400
638,0.5600,0.5600,0.7400,0.5600,0.5400
639,0.5600,0.5800,0.7600,0.5600,0.5600
640,0.5600,0.5800,0.7600,0.5400,0.5600
641,0.5800,0.6000,0.7800,0.5600,0.5800
642,0.6000,0.6200,0.7800,0.5800,0.6000
643,0.6000,0.6200,0.7800,0.5800,0.6000
644,0.6000,0.6200,0.7800,0.5600,0.6000
645,0.6000,0.6200,0.7800,0.5400,0.6000
646,0.6000,0.6200,0.7800,0.5400,0.6000
647,0.6200,0.6400,0.7800,0.5400,0.6000
648,0.6000,0.6200,0.7600,0.5400,0.5800
649,0.6200,0.6400,0.7800,0.5400,0.5800
650,0.6400,0.6400,0.7800,0.5600,0.5800
651,0.6400,0.6400,0.7800,0.5600,0.5800
652,0.6200,0.6200,0.7600,0.5400,0.5600
653,0.6200,0.6000,0.7600,0.5200,0.5400
654,0.6000,0.5800,0.7400,0.5200,0.5200
655,0.6000,0.5800,0.7400,0.5200,0.5200
656,0.6000,0.5800,0.7400,0.5200,0.5200
657,0.6000,0.5800,0.7400,0.5200,0.5200
658,0.6000,0.5800,0.7400,0.5000,0.5200
659,0.5800,0.5600,0.7400,0.5000,0.5000
660,0.5800,0.5600,0.7400,0.5200,0.5000
661,0.6000,0.5800,0.7600,0.5000,0.5000
662,0.6000,0.5800,0.7600,0.5000,0.5200
663,0.6000,0.5800,0.7600,0.5000,0.5200
664,0.6200,0.6000,0.7600,0.5200,0.5400
665,0.6000,0.5800,0.7400,0.5000,0.5200
666,0.6000,0.5800,0.7400,0.5000,0.5200
667,0.6000,0.5800,0.7400,0.5200,0.5400
668,0.6000,0.5800,0.7400,0.5000,0.5400
669,0.6000,0.5800,0.7400,0.5000,0.5400
670,0.6200,0.5800,0.7600,0.5200,0.5600
671,0.6400,0.5800,0.7600,0.5400,0.5800
672,0.6400,0.5800,0.7400,0.5200,0.5600
673,0.6400,0.5800,0.7400,0.5200,0.5600
674,0.6400,0.5800,0.7400,0.5400,0.5600
675,0.6400,0.5800,0.7400,0.5200,0.5600
676,0.6400,0.5800,0.7400,0.5200,0.5800
677,0.6400,0.5800,0.7400,0.5200,0.5800
678,0.6400,0.5800,0.7400,0.5200,0.5600
679,0.6400,0.6000,0.7400,0.5400,0.5600
680,0.6400,0.6000,0.7400,0.5400,0.5600
681,0.6400,0.6000,0.7200,0.5400,0.5600
682,0.6600,0.6200,0.7400,0.5400,0.5800
683,0.6800,0.6200,0.7600,0.5400,0.5800
684,0.6800,0.6200,0.7600,0.5400,0.5800
685,0.6800,0.6200,0.7800,0.5400,0.5800
686,0.6800,0.6200,0.7800,0.5400,0.5800
687,0.7000,0.6200,0.7600,0.5600,0.5800
688,0.6800,0.6200,0.7600,0.5600,0.5800
689,0.7000,0.6200,0.7600,0.5800,0.5800
690,0.6800,0.6000,0.7400,0.5800,0.5600
691,0.6800,0.6000,0.7400,0.5600,0.5600
692,0.6800,0.6000,0.7400,0.5600,0.5600
693,0.6600,0.5800,0.7200,0.5400,0.5400
694,0.6400,0.5600,0.7200,0.5400,0.5200
695,0.6200,0.5600,0.7200,0.5600,0.5200
696,0.6000,0.5600,0.7200,0.5400,0.5200
697,0.6000,0.5600,0.7200,0.5200,0.5200
698,0.6200,0.5800,0.7400,0.5200,0.5400
699,0.6200,0.5800,0.7400,0.5400,0.5400
700,0.6000,0.5800,0.7200,0.5200,0.5400
701,0.6000,0.5800,0.7200,0.5200,0.5400
702,0.6200,0.6000,0.7400,0.5400,0.5600
703,0.6200,0.6200,0.7400,0.5600,0.5800
704,0.6200,0.6200,0.7400,0.5400,0.5800
705,0.6200,0.6200,0.7400,0.5600,0.5800
706,0.6200,0.6000,0.7400,0.5400,0.5600
707,0.6200,0.6000,0.7400,0.5400,0.5600
708,0.6200,0.6000,0.7400,0.5600,0.5600
709,0.6400,0.6200,0.7400,0.5600,0.5800
710,0.6600,0.6400,0.7400,0.5600,0.6000
711,0.6400,0.6200,0.7400,0.5600,0.5800
712,0.6200,0.6000,0.7400,0.5800,0.5600
713,0.6000,0.5800,0.7200,0.5600,0.5400
714,0.5800,0.5600,0.7000,0.5400,0.5200
715,0.5800,0.5600,0.7200,0.5600,0.5200
716,0.5800,0.5600,0.7200,0.5600,0.5200
717,0.5600,0.5400,0.7000,0.5400,0.5000
718,0.5400,0.5200,0.7000,0.5600,0.4800
719,0.5600,0.5400,0.7200,0.5600,0.5000
720,0.5600,0.5600,0.7200,0.5600,0.5000
721,0.5600,0.5600,0.7200,0.5600,0.5000
722,0.5800,0.5800,0.7400,0.5600,0.5200
723,0.5800,0.5800,0.7400,0.5800,0.5400
724,0.6000,0.6000,0.7600,0.5800,0.5600
725,0.6000,0.6000,0.7600,0.5800,0.5600
726,0.5800,0.5800,0.7400,0.5600,0.5400
727,0.5800,0.5800,0.7400,0.5600,0.5400
728,0.5600,0.5600,0.7200,0.5400,0.5400
729,0.5600,0.5600,0.7200,0.5400,0.5600
730,0.5600,0.5600,0.7200,0.5200,0.5400
731,0.5800,0.5800,0.7400,0.5200,0.5600
732,0.5800,0.5800,0.7400,0.5400,0.5600
733,0.5600,0.5800,0.7200,0.5600,0.5600
734,0.5600,0.5800,0.7200,0.5600,0.5600
735,0.5800,0.6000,0.7200,0.5600,0.5800
736,0.5600,0.5800,0.7000,0.5600,0.5600
737,0.5600,0.6000,0.7200,0.5400,0.5800
738,0.5600,0.5800,0.7000,0.5400,0.5600
739,0.5600,0.5800,0.7000,0.5400,0.5600
740,0.5800,0.6000,0.7200,0.5600,0.5800
741,0.5800,0.6000,0.7200,0.5600,0.5800
742,0.5800,0.6000,0.7200,0.5400,0.5800
743,0.6000,0.6200,0.7400,0.5400,0.6000
744,0.6000,0.6200,0.7400,0.5600,0.6000
745,0.6000,0.6000,0.7200,0.5400,0.5800
746,0.6000,0.6000,0.7200,0.5400,0.5800
747,0.5800,0.5800,0.7000,0.5400,0.5600
748,0.5800,0.5800,0.7000,0.5400,0.5600
749,0.5800,0.5800,0.7000,0.5400,0.5600
750,0.6000,0.6000,0.7200,0.5600,0.5800
751,0.6000,0.6000,0.7200,0.5400,0.5800
752,0.5800,0.5800,0.7000,0.5400,0.5600
753,0.5800,0.5800,0.7000,0.5400,0.5600
754,0.6000,0.6000,0.7200,0.5600,0.5800
755,0.6200,0.6200,0.7400,0.5600,0.6000
756,0.6000,0.6200,0.7400,0.5600,0.6000
757,0.5800,0.6200,0.7400,0.5600,0.6000
758,0.6000,0.6400,0.7600,0.5600,0.6200
759,0.6000,0.6400,0.7600,0.5600,0.6200
760,0.6000,0.6400,0.7600,0.5600,0.6200
761,0.6200,0.6600,0.7600,0.5800,0.6400
762,0.6200,0.6600,0.7400,0.5800,0.6400
763,0.6400,0.6800,0.7600,0.6000,0.6600
764,0.6600,0.7000,0.7800,0.6200,0.6800
765,0.6800,0.7200,0.7800,0.6200,0.7000
766,0.6800,0.7200,0.7800,0.6200,0.7000
767,0.6800,0.7200,0.7800,0.6200,0.7000
768,0.6800,0.7200,0.7600,0.6000,0.7000
769,0.6800,0.7200,0.7600,0.6200,0.7000
770,0.6800,0.7200,0.7600,0.6000,0.7000
771,0.6800,0.7200,0.7600,0.6000,0.7000
772,0.6600,0.7000,0.7400,0.6000,0.6800
773,0.6600,0.7000,0.7400,0.6000,0.6800
774,0.6400,0.6800,0.7200,0.5800,0.6600
775,0.6600,0.7000,0.7400,0.6000,0.6800
776,0.6800,0.7000,0.7600,0.6000,0.6800
777,0.6800,0.7000,0.7600,0.5800,0.6600
778,0.7000,0.7200,0.7800,0.5800,0.6600
779,0.6800,0.7000,0.7600,0.5800,0.6400
780,0.6800,0.7000,0.7600,0.5800,0.6400
781,0.6800,0.7000,0.7600,0.6000,0.6400
782,0.6600,0.6800,0.7400,0.6000,0.6200
783,0.6800,0.7000,0.7600,0.6000,0.6400
784,0.6800,0.7000,0.7600,0.6000,0.6400
785,0.6600,0.6800,0.7400,0.5800,0.6200
786,0.6800,0.7000,0.7600,0.6000,0.6400
787,0.6800,0.7000,0.7600,0.6200,0.6400
788,0.7000,0.7200,0.7800,0.6400,0.6600
789,0.7000,0.7000,0.7800,0.6200,0.6400
790,0.7000,0.7000,0.7800,0.6200,0.6400
791,0.7000,0.7000,0.7800,0.6400,0.6400
792,0.6800,0.6800,0.7800,0.6400,0.6200
793,0.6600,0.6600,0.7600,0.6400,0.6000
794,0.6800,0.6800,0.7600,0.6400,0.6200
795,0.7000,0.7000,0.7800,0.6400,0.6400
796,0.7200,0.6800,0.7600,0.6600,0.6200
797,0.7400,0.7000,0.7800,0.6800,0.6400
798,0.7400,0.7000,0.7800,0.6800,0.6400
799,0.7200,0.6800,0.7800,0.6800,0.6200
